state,district,simplification_tolerance_m,area,perimeter,convex_hull_area,polsby_popper,reock,convex_hull_ratio
Michigan,1,0,72652319302.94716,5086553.704595896,149011296802.73962,0.03528678396450655,0.2354539994758358,0.48756249265533147
Michigan,1,100,72664382041.5748,4745094.371795179,149009480095.1024,0.04055475108175911,0.23549411057549868,0.48764938979183187
Michigan,1,250,72685286435.4499,4527034.5316960635,149008996310.8837,0.04456857574048281,0.23556185850789732,0.48779126250742305
Michigan,1,500,72673033511.30656,4343659.307068162,149008576226.4596,0.04840292917572224,0.23552214866117913,0.48771040802953425
Michigan,1,1000,72671474866.78993,4177301.643882576,149005916500.47556,0.052333787244404975,0.2355170973334995,0.48770865327725427
Michigan,1,2500,72705950514.34042,3902703.263474635,148659298021.76065,0.05998584174260945,0.23562882761632709,0.48907771987257587
Michigan,10,0,595697498.1994592,145905.12889396955,800955429.9265591,0.35163696501869307,0.4577224431416532,0.7437336410267918
Michigan,10,100,596651856.2724504,141264.52094818026,800636405.8112675,0.37572029793207895,0.4584557534409923,0.7452219908334996
Michigan,10,250,598926865.9428061,137262.63026893442,800032916.2917365,0.3994652681312058,0.46020382690335293,0.7486277798655026
Michigan,10,500,598786360.9728746,132264.2573734313,800032916.2917365,0.4301270622587517,0.46009586559088367,0.7484521558792011
Michigan,10,1000,601129621.0219327,127646.24232639784,800032916.2917365,0.4636197448990369,0.46189638132825606,0.7513811104276208
Michigan,10,2500,600024821.3918294,120835.37224914227,786669948.519963,0.5164055625798718,0.46104747464135165,0.7627402349876375
Michigan,11,0,875534528.969821,165047.81716135918,1058916011.0332433,0.40389043886504256,0.473167431266591,0.8268215041110892
Michigan,11,100,875229352.9754434,164253.025295527,1056608714.5160807,0.40766646142542695,0.47300250420024925,0.828338192702009
Michigan,11,250,874944723.1806557,163995.1135964071,1056608714.5160807,0.40881673393410134,0.47284868097066163,0.8280688121916296
Michigan,11,500,876475926.5874649,162968.40562430897,1056608714.5160807,0.41470858201844346,0.47367619326032434,0.8295179800678482
Michigan,11,1000,876475926.5874649,162968.40562430897,1056608714.5160807,0.41470858201844346,0.47367619326032434,0.8295179800678482
Michigan,11,2500,867483420.1156145,159405.17581937215,1056608714.5160807,0.4290088089504822,0.468816349305409,0.8210072548123132
Michigan,12,0,496857257.47716093,113781.30356403971,593901321.9452802,0.4822804880548022,0.573226883508124,0.8365990091581905
Michigan,12,100,496668285.3469958,112649.16708532018,593614731.6142074,0.49183601065696814,0.5731476198341103,0.8366845681144289
Michigan,12,250,496146305.5841781,110841.66445259849,593571582.4881234,0.5074737101552733,0.5725452631556454,0.8358660020488857
Michigan,12,500,495948862.27672106,108919.31903711209,593105121.5262336,0.5253357150424325,0.5723174165927384,0.8361904901453204
Michigan,12,1000,497050142.32647675,105118.46609591135,591310010.8519633,0.5652649230241631,0.5735882769599858,0.8405914549126671
Michigan,12,2500,473540508.78501713,96133.18698006238,520134427.40204537,0.6439028096669445,0.5464585187241774,0.9104194681944927
Michigan,13,0,561084210.770526,179022.34111867906,857842228.3380331,0.22000038822095516,0.2383806698306711,0.6540645729897906
Michigan,13,100,561708487.3736143,173965.86382752165,856997982.6143656,0.23323449071212296,0.2386458982437099,0.6554373508092299
Michigan,13,250,561422749.6970794,169398.7811948785,855877363.8562987,0.24585514904735323,0.23852450053295504,0.6559616755927453
Michigan,13,500,562059019.9561926,160594.78376442072,854402233.0162897,0.2738601967738266,0.23879482453717615,0.6578388939504054
Michigan,13,1000,562455044.2544188,155969.35126594064,854402233.0162897,0.2905488417486864,0.2389630783138254,0.658302404324001
Michigan,13,2500,557769989.9461383,149692.0181612799,847350383.9538667,0.312800703196488,0.2369725992328559,0.6582518878949438
Michigan,2,0,25785754438.999763,895009.8431439376,32762812346.85162,0.40451449028337993,0.5127654681187775,0.7870433760695661
Michigan,2,100,25792693583.040962,891120.6421016837,32759544470.285362,0.4081629264033198,0.5129034572340984,0.7873337068662936
Michigan,2,250,25787457982.680126,887306.5941516941,32754890385.908813,0.4115958424349879,0.5127993441247454,0.7872857359270515
Michigan,2,500,25812454756.12856,883301.1673353098,32752627496.114746,0.41573976193620943,0.5132964202242843,0.7881033287845545
Michigan,2,1000,25811447319.245834,872997.953943263,32743173351.76805,0.4255942675114592,0.5132763867269019,0.7883001150177791
Michigan,2,2500,25848315483.088955,864807.8614159563,32715280071.22556,0.43431302298663166,0.5140095326712737,0.7900991654912842
Michigan,3,0,2142440045.6039062,281923.981271021,2856901716.691003,0.3387306549404541,0.37230632371435474,0.7499173083508733
Michigan,3,100,2142044087.02195,279108.3911652732,2856749552.9377356,0.3455353483117433,0.3722375153085869,0.7498186478472294
Michigan,3,250,2145923670.8847315,275304.19147581403,2855256704.1627827,0.3557938912806735,0.37291169688414955,0.751569436035685
Michigan,3,500,2150848480.551249,270543.70552108216,2850213200.440893,0.3692706687106107,0.3737675144299876,0.754627225857539
Michigan,3,1000,2145321172.3027272,259960.3275798257,2828226808.5208597,0.3989220404672044,0.372806996623076,0.7585392960137851
Michigan,3,2500,2153705388.088738,249699.70115026692,2824597081.766136,0.4340703419016138,0.37426397861093724,0.7624823384516457
Michigan,4,0,6323738516.276951,428014.9212101687,8267006052.936679,0.4337764288014783,0.44264984182756983,0.7649369645774695
Michigan,4,100,6323292817.290108,426252.6006078895,8265968859.728187,0.4373398726285825,0.4426186437339932,0.7649790272132769
Michigan,4,250,6327937244.6691065,425525.55805313285,8265968859.728187,0.4391579283188903,0.44294374494421546,0.7655409005348214
Michigan,4,500,6334324792.248333,423039.83142688987,8258409661.444481,0.4447824791847704,0.44499755269848235,0.7670150854614294
Michigan,4,1000,6341468154.294711,422173.632318584,8258409661.444481,0.4471131773946488,0.4454993865534383,0.7678800658074308
Michigan,4,2500,6458404905.970689,414099.0262827529,8239325799.6182165,0.4732893312096797,0.4537144007851238,0.7838511381926359
Michigan,5,0,13877696822.147972,816201.2303487073,17566772540.207695,0.261777773338475,0.19129418777111526,0.7899969553532964
Michigan,5,100,13879157682.105253,805169.9145180463,17560565949.47269,0.26902825581268835,0.19131457756355982,0.7903593609704826
Michigan,5,250,13863601006.238077,797110.3328217132,17559053805.072884,0.2741883746999307,0.1911001395594683,0.7895414616380312
Michigan,5,500,13805205943.12185,788654.7130819522,17534663798.28251,0.27891954473378083,0.1902952040520144,0.7873094176162103
Michigan,5,1000,13823433939.426418,780100.5215078393,17533846519.428253,0.2854464649695684,0.19054646435849068,0.7883857044208447
Michigan,5,2500,13753089866.407837,760970.1759383597,17533846519.428253,0.29845226040777095,0.18957682002402207,0.7843738024721971
Michigan,6,0,2612101645.057709,348015.0154194752,3603190162.595639,0.2710216418824638,0.387066287316531,0.7249413789407171
Michigan,6,100,2610649395.646571,343355.1657079019,3602574573.4419107,0.2782731112383704,0.3868510901824951,0.7246621388193357
Michigan,6,250,2609718249.877156,336811.47836575354,3598684698.4076185,0.28908777025568255,0.38671311119664664,0.7251866914130959
Michigan,6,500,2618164857.9345827,328332.6814102748,3592375834.3423686,0.3051958517725324,0.38796474595879005,0.7288115104509582
Michigan,6,1000,2616461165.627652,321556.0519075177,3591430181.0376787,0.3179880370224107,0.38771228952884174,0.7285290354361484
Michigan,6,2500,2659132085.9854364,312789.10255308996,3577305578.243391,0.3415439103834787,0.3940353492575921,0.7433337823186978
Michigan,7,0,7243733580.19461,412233.8613941959,8126369254.599413,0.5356548088002019,0.5109264194927751,0.8913862209860518
Michigan,7,100,7239727819.885095,411988.2837061543,8123468118.762112,0.5359970160629122,0.5106438789012882,0.8912114523061998
Michigan,7,250,7244145836.90928,411554.5736788494,8120805414.261686,0.5374550945744379,0.5109554974323868,0.8920477055375783
Michigan,7,500,7243359456.94635,410328.3021222217,8108431577.713866,0.5406135859526292,0.5109000312429028,0.8933120280443411
Michigan,7,1000,7243977942.9123,407936.6065520654,8108431577.713866,0.5470180103715749,0.5109436552686336,0.8933883049371066
Michigan,7,2500,7195130729.262654,403088.0145648455,8036929018.423053,0.5564790040971963,0.507498286703687,0.8952587129697495
Michigan,8,0,5897026224.531767,531309.5151767521,7755494956.141291,0.262511138621535,0.3790031613083842,0.7603674888424922
Michigan,8,100,5895888937.92587,512214.08937327354,7753934174.588421,0.28239442414462956,0.37893006765023574,0.7603738702410153
Michigan,8,250,5897183360.549591,492177.8728596654,7753892685.93139,0.305921729296621,0.37901326047451356,0.7605448771878672
Michigan,8,500,5895907931.567616,473460.4277177759,7753892685.93139,0.3305165302734725,0.37893128837573237,0.7603803883261258
Michigan,8,1000,5896524286.239625,454092.3464430629,7753892685.93139,0.35934995223338456,0.37897090162489966,0.7604598780349693
Michigan,8,2500,5893410264.6607895,452986.93876697175,7753892685.93139,0.36091520541717126,0.3787707627790096,0.760058270519239
Michigan,9,0,12189565039.20986,1073626.7554222522,14827534635.102259,0.13288973068818274,0.48129112559182774,0.8220898038135518
Michigan,9,100,12190891637.949215,983732.0052815058,14826122264.657516,0.15830394309548215,0.48136663049616596,0.8222575950968541
Michigan,9,250,12189756222.076067,903954.967690772,14817209533.684212,0.1874611568978445,0.4813217977366516,0.8226755648129892
Michigan,9,500,12191274157.332035,841176.5409731166,14816589175.177444,0.21651333867089637,0.48138173456499667,0.8228124579276547
Michigan,9,1000,12197042956.682098,783831.0600146897,14816589175.177444,0.2494706621697634,0.4816095199956808,0.823201805251918
Michigan,9,2500,12191826930.548574,752676.510396483,14776011443.500914,0.27043439582999385,0.48307913541699066,0.8251094672717671
Missouri,1,0,667320770.1099898,174928.6496861459,872029634.678976,0.2740454645289525,0.524514199852607,0.7652501056981319
Missouri,1,100,667311706.6767412,171765.61168338178,871126407.3678212,0.2842275471387072,0.5256941934748265,0.7660331509098404
Missouri,1,250,665637844.8607147,167445.40258314463,870089229.174071,0.2983330814487957,0.5243755601756348,0.7650225086599095
Missouri,1,500,664364207.285615,162565.97611606074,865953528.0536357,0.31590520282595164,0.5239360187077772,0.767205382001129
Missouri,1,1000,659288448.9728894,151824.20110190372,853336515.7493767,0.3594208953411247,0.5199331350889295,0.7726007698075834
Missouri,1,2500,627063224.535304,136153.58739732974,843770972.9431193,0.42507250858775536,0.4945194303639629,0.7431675711100527
Missouri,2,0,4702871618.31361,525091.2739941488,6011158695.747266,0.21434007823320206,0.47906697534114795,0.7823569225748052
Missouri,2,100,4703796096.719291,517103.25023053784,6010198623.562937,0.22105676816239575,0.4791611490953661,0.7826357149459412
Missouri,2,250,4707867256.974211,506906.7907750976,6009487208.3188505,0.23023845082630917,0.4795758655894036,0.7834058204595519
Missouri,2,500,4707203686.675717,494006.0634787878,6008533241.510847,0.2423864266199929,0.4795082697363583,0.7834197627726014
Missouri,2,1000,4710510310.966376,472513.2489829595,6008533241.510847,0.26512448752788575,0.4798451053187555,0.783970084150174
Missouri,2,2500,4721747700.719742,432653.23146268586,5976811780.298042,0.3169806400209649,0.4809898234301792,0.7900111086456675
Missouri,3,0,19890273455.03548,1345476.6306967123,31239180875.511513,0.1380696741679435,0.3682313227342214,0.6367091869117325
Missouri,3,100,19889771831.40434,1333773.4738075898,31238077769.822098,0.14049973765907153,0.36822203610803617,0.6367156128479544
Missouri,3,250,19887836733.629448,1315020.5051497663,31236623324.648884,0.14452146667994625,0.3681862113812415,0.6366833100662297
Missouri,3,500,19868409298.24691,1291852.9956048164,31232871267.13526,0.14960522749671812,0.36782654864235564,0.6361377770334363
Missouri,3,1000,19882353637.99987,1261201.1603884657,31211265425.867165,0.15707567505384684,0.36808470209027544,0.6370249128547618
Missouri,3,2500,19738269053.568268,1209671.5253147248,31052336979.803562,0.16950558527088241,0.36541724469051645,0.6356452033354538
Missouri,4,0,37969153086.235725,1252378.9577476333,48240235016.77894,0.30420703280613864,0.5277989867787563,0.7870847451930796
Missouri,4,100,37968155178.815384,1247181.0223907314,48235781327.29212,0.3067399710371402,0.5277851151360531,0.7871367299140805
Missouri,4,250,37957786358.87296,1237237.3802057297,48216568634.50466,0.3116051850884647,0.5276409809583096,0.787235330796843
Missouri,4,500,37948963917.36084,1226008.2855900966,48195344274.42925,0.3172655935842475,0.5275183425712895,0.7873989591458365
Missouri,4,1000,37917362044.53587,1210596.6512855545,48194605187.42141,0.32512401006416425,0.5270790534351993,0.7867553203741597
Missouri,4,2500,38002663560.427345,1178476.3833538815,48183993737.957596,0.34386037581110007,0.5282648068692029,0.7886989145627883
Missouri,5,0,1111115974.3901474,189739.81659092446,1325642494.5231824,0.38783973604816796,0.3687288560003593,0.8381716631600608
Missouri,5,100,1112308283.7042265,188123.20198603463,1324557348.7169566,0.39495745098374035,0.3691818387317895,0.8397584934934476
Missouri,5,250,1109234921.7526596,185078.85996522848,1322235731.1234612,0.40693005443972496,0.3681617713341169,0.8389085967372688
Missouri,5,500,1109615978.1287627,184005.23477192712,1322235731.1234612,0.4118340103401642,0.36828824624727835,0.839196787690768
Missouri,5,1000,1115369837.350629,178607.6635303025,1319273137.2353413,0.43936815991675476,0.3701979868816449,0.8454426955800749
Missouri,5,2500,1080495924.365018,165610.17913218364,1252863999.4487343,0.495061260451088,0.36143985598201345,0.8624207614237785
Missouri,6,0,53049241244.94154,1490701.0606881399,65173701669.26671,0.29999078863205125,0.30031833325522017,0.8139669818686611
Missouri,6,100,53052816529.014694,1484304.6278149714,65172330806.22776,0.30260230105829533,0.3003385733817246,0.8140389621287728
Missouri,6,250,53053877115.61455,1472250.4587936448,65168897076.35618,0.3075838966278674,0.30046168901151593,0.8140981280295895
Missouri,6,500,53117534357.55108,1455910.763986331,65148429305.895874,0.31490405834422125,0.3008222010696334,0.8153310052671368
Missouri,6,1000,53148519222.29461,1429840.0787202106,65120453455.94256,0.32668267310814186,0.3013194795770739,0.8161570812502466
Missouri,6,2500,53339827403.172195,1358956.396305758,65073588826.57681,0.36295302961301457,0.3024040795310213,0.8196847348518695
Missouri,7,0,15209526253.151205,604917.6151071573,16785136357.628113,0.5223157096881105,0.5261135650733592,0.9061306342166913
Missouri,7,100,15204548205.41565,604591.1907068811,16773987364.76901,0.5227087306093677,0.5259413691483064,0.9064361308242244
Missouri,7,250,15202122824.739677,603626.6711651656,16766258920.522327,0.5242968633852455,0.5258574726710028,0.9067092961407087
Missouri,7,500,15165400900.960293,602287.8755460688,16734670220.59419,0.5253582035858858,0.5245872225716347,0.9062264568737837
Missouri,7,1000,15181762423.839682,600915.3550170391,16734670220.59419,0.5283302190625945,0.525153184915815,0.9072041590133366
Missouri,7,2500,15163887412.135681,600600.0594206947,16734670220.59419,0.5282623677520808,0.5245348693958333,0.906136016560072
Missouri,8,0,47884654490.88802,1493189.3148609367,65572360118.738045,0.26988358792483325,0.5199525009683345,0.7302566874850741
Missouri,8,100,47884425801.07117,1487523.2902104128,65566106033.14756,0.2719421955811891,0.519950017754445,0.7303228557886715
Missouri,8,250,47879718430.16865,1477111.0199664251,65559106981.37573,0.2757624795171711,0.5198989030643089,0.7303290211651371
Missouri,8,500,47880858271.00865,1464882.3923706552,65555068870.94653,0.2803924225153301,0.5199112799541672,0.7303913960531137
Missouri,8,1000,47810940044.85247,1446118.1235224016,65555068870.94653,0.2872960194936436,0.5191520773048854,0.7293248389224389
Missouri,8,2500,47812129529.644104,1408111.4573336535,65531924329.82174,0.30302180931139944,0.5191649932504221,0.7296005728292972
